{
    "Heyy-Sector-30": {
        "Zones":{
            "Sarvodaya-Nagar": [[23.23509,72.66883],[23.23544,72.669],[23.23667,72.66978],[23.23639,72.6703],[23.23621,72.67075],[23.23572,72.67169],[23.23478,72.67111],[23.23436,72.67083],[23.23412,72.67059]],
            "Shantivan": [[23.23978,72.66559],[23.24112,72.66649],[23.24055,72.66759],[23.23934,72.66683]],
            "KV": [[23.23765,72.66388],[23.23689,72.66521],[23.23616,72.66661],[23.23777,72.66772],[23.23876,72.66596],[23.23873,72.66564],[23.23918,72.66479],[23.23842,72.66432],[23.23771,72.66388]],
            "Hero-1": [[23.23734,72.66865],[23.2376,72.66872],[23.23809,72.66878],[23.23892,72.66928],[23.23978,72.66977],[23.23984,72.66933],[23.24066,72.66779],[23.23963,72.66717],[23.23916,72.66685],[23.23936,72.66636],[23.239,72.66612],[23.2388,72.6665],[23.23874,72.66656],[23.23862,72.66651],[23.23847,72.66656]],
            "Hero-2": [],
            "Defence-Colony": [[23.24217,72.66712],[23.24167,72.66831],[23.24185,72.66843],[23.24267,72.66899],[23.24295,72.66921],[23.24335,72.66937],[23.24391,72.66844],[23.24346,72.66785]],
            "Jagruti-Park": [[23.2436,72.66916],[23.24269,72.67111],[23.24355,72.67162],[23.24423,72.6714],[23.24493,72.67008]],
            "Category-1": [[23.24198,72.67236],[23.24247,72.67261],[23.24232,72.67294],[23.243,72.67335],[23.2425,72.67446],[23.2406,72.67433],[23.24058,72.67401],[23.24083,72.67392],[23.24084,72.6734],[23.24097,72.67338],[23.24132,72.67324],[23.24151,72.67311],[23.24169,72.67293]],
            "Category-2": [[23.24099,72.67055],[23.24239,72.6714],[23.24226,72.67173],[23.24167,72.67287],[23.24134,72.67314],[23.24096,72.67328],[23.24007,72.67339],[23.23897,72.67343],[23.23831,72.67328],[23.23942,72.6712],[23.23986,72.67027],[23.24018,72.67046],[23.2404,72.67048],[23.24084,72.67048]],
            "Veer-Sarvarkar": [[23.2402,72.6689],[23.24155,72.66966],[23.24189,72.66902],[23.24061,72.66818]],
            "Gandhi": [[23.24134,72.67006],[23.24201,72.67049],[23.24272,72.67087],[23.24295,72.67045],[23.24307,72.67001],[23.24309,72.66959],[23.2429,72.66929],[23.24264,72.66904],[23.2422,72.66878],[23.24205,72.66912],[23.24189,72.6692],[23.24171,72.66949],[23.24154,72.66985]],
            "Unclassified": [[23.23577,72.67173],[23.23701,72.67246],[23.23824,72.67001],[23.23702,72.66927]]
        }
    }
}